Gender,Group,Parent Edu,Lunch Type,Prep Course,Math,Reading,Writing,Average,Grade,Attendance
Female,group B,Bachelor,standard,none,72,72,74,72.67,C,98
Female,group C,College,standard,completed,69,90,88,82.33,B,88
Female,group B,Master,standard,none,90,95,93,92.67,A,74
Male,group A,Associate,free/reduced,none,47,57,44,49.33,D,67
Male,group C,College,standard,none,76,78,75,76.33,B,80
Female,group B,Associate,standard,none,71,83,78,77.33,B,98
Female,group B,College,standard,completed,88,95,92,91.67,A,78
Male,group B,College,free/reduced,none,40,43,39,40.67,D,82
Male,group D,High School,free/reduced,completed,64,64,67,65,C,70
Female,group B,High School,free/reduced,none,38,60,50,49.33,D,70
Male,group C,Associate,standard,none,58,54,52,54.67,D,83
Male,group D,Associate,standard,none,40,52,43,45,D,95
Female,group B,High School,standard,none,65,81,73,73,C,99
Male,group A,College,standard,completed,78,72,70,73.33,C,83
Female,group A,Master,standard,none,50,53,58,53.67,D,62
Female,group C,High School,standard,none,69,75,78,74,C,81
Male,group C,High School,standard,none,88,89,86,87.67,B,61
Female,group B,High School,free/reduced,none,18,32,28,26,D,83
Male,group C,Master,free/reduced,completed,46,42,46,44.67,D,89
Female,group C,Associate,free/reduced,none,54,58,61,57.67,D,97
Male,group D,High School,standard,none,66,69,63,66,C,61
Female,group B,College,free/reduced,completed,65,75,70,70,C,80
Male,group D,College,standard,none,44,54,53,50.33,D,92
Female,group C,High School,standard,none,69,73,73,71.67,C,71
Male,group D,Bachelor,free/reduced,completed,74,71,80,75,B,81
Male,group A,Master,free/reduced,none,73,74,72,73,C,84
Male,group B,College,standard,none,69,54,55,59.33,D,86
Female,group C,Bachelor,standard,none,67,69,75,70.33,C,87
Male,group C,High School,standard,none,70,70,65,68.33,C,75
Female,group D,Master,standard,none,62,70,75,69,C,74
Female,group D,College,standard,none,69,74,74,72.33,C,62
Female,group B,College,standard,none,63,65,61,63,C,96
Female,group E,Master,free/reduced,none,56,72,65,64.33,C,66
Male,group D,College,standard,none,40,42,38,40,D,80
Male,group E,College,standard,none,97,87,82,88.67,B,68
Male,group E,Associate,standard,completed,81,81,79,80.33,B,98
Female,group D,Associate,standard,none,74,81,83,79.33,B,77
Female,group D,High School,free/reduced,none,50,64,59,57.67,D,63
Female,group D,Associate,free/reduced,completed,75,90,88,84.33,B,84
Male,group B,Associate,free/reduced,none,57,56,57,56.67,D,73
Male,group C,Associate,free/reduced,none,55,61,54,56.67,D,68
Female,group C,Associate,standard,none,58,73,68,66.33,C,85
Female,group B,Associate,standard,none,53,58,65,58.67,D,61
Male,group B,College,free/reduced,completed,59,65,66,63.33,C,79
Female,group E,Associate,free/reduced,none,50,56,54,53.33,D,87
Male,group B,Associate,standard,none,65,54,57,58.67,D,66
Female,group A,Associate,standard,completed,55,65,62,60.67,C,67
Female,group C,High School,standard,none,66,71,76,71,C,94
Female,group D,Associate,free/reduced,completed,57,74,76,69,C,73
Male,group C,High School,standard,completed,82,84,82,82.67,B,76
Male,group E,College,standard,none,53,55,48,52,D,95
Male,group E,Associate,free/reduced,completed,77,69,68,71.33,C,99
Male,group C,College,standard,none,53,44,42,46.33,D,63
Male,group D,High School,standard,none,88,78,75,80.33,B,61
Female,group C,High School,free/reduced,completed,71,84,87,80.67,B,65
Female,group C,High School,free/reduced,none,33,41,43,39,D,63
Female,group E,Associate,standard,completed,82,85,86,84.33,B,88
Male,group D,Associate,standard,none,52,55,49,52,D,77
Male,group D,College,standard,completed,58,59,58,58.33,D,85
Female,group C,High School,free/reduced,none,0,17,10,9,D,93
Male,group E,Bachelor,free/reduced,completed,79,74,72,75,B,69
Male,group A,High School,free/reduced,none,39,39,34,37.33,D,95
Male,group A,Associate,free/reduced,none,62,61,55,59.33,D,73
Female,group C,Associate,standard,none,69,80,71,73.33,C,90
Female,group D,High School,standard,none,59,58,59,58.67,D,74
Male,group B,High School,standard,none,67,64,61,64,C,67
Male,group D,High School,free/reduced,none,45,37,37,39.67,D,73
Female,group C,College,standard,none,60,72,74,68.67,C,82
Male,group B,Associate,free/reduced,none,61,58,56,58.33,D,99
Female,group C,Associate,standard,none,39,64,57,53.33,D,80
Female,group D,College,free/reduced,completed,58,63,73,64.67,C,75
Male,group D,College,standard,completed,63,55,63,60.33,C,77
Female,group A,Associate,free/reduced,none,41,51,48,46.67,D,83
Male,group C,High School,free/reduced,none,61,57,56,58,D,85
Male,group C,High School,standard,none,49,49,41,46.33,D,84
Male,group B,Associate,free/reduced,none,44,41,38,41,D,100
Male,group E,High School,standard,none,30,26,22,26,D,88
Male,group A,Bachelor,standard,completed,80,78,81,79.67,B,74
Female,group D,High School,standard,completed,61,74,72,69,C,60
Female,group E,Master,standard,none,62,68,68,66,C,84
Female,group B,Associate,standard,none,47,49,50,48.67,D,66
Male,group B,High School,free/reduced,none,49,45,45,46.33,D,68
Male,group A,College,free/reduced,completed,50,47,54,50.33,D,83
Male,group E,Associate,standard,none,72,64,63,66.33,C,60
Male,group D,High School,free/reduced,none,42,39,34,38.33,D,67
Female,group C,College,standard,none,73,80,82,78.33,B,83
Female,group C,College,free/reduced,none,76,83,88,82.33,B,70
Female,group D,Associate,standard,none,71,71,74,72,C,76
Female,group A,College,standard,none,58,70,67,65,C,67
Female,group D,High School,standard,none,73,86,82,80.33,B,94
Female,group C,Bachelor,standard,none,65,72,74,70.33,C,94
Male,group C,High School,free/reduced,none,27,34,36,32.33,D,92
Male,group C,High School,standard,none,71,79,71,73.67,C,64
Male,group C,Associate,free/reduced,completed,43,45,50,46,D,98
Female,group B,College,standard,none,79,86,92,85.67,B,100
Male,group C,Associate,free/reduced,completed,78,81,82,80.33,B,87
Male,group B,High School,standard,completed,65,66,62,64.33,C,66
Female,group E,College,standard,completed,63,72,70,68.33,C,68
Female,group D,College,free/reduced,none,58,67,62,62.33,C,67
Female,group D,Bachelor,standard,none,65,67,62,64.67,C,71
Male,group B,College,standard,none,79,67,67,71,C,93
Male,group D,Bachelor,standard,completed,68,74,74,72,C,92
Female,group D,Associate,standard,none,85,91,89,88.33,B,82
Male,group B,High School,standard,completed,60,44,47,50.33,D,83
Male,group C,College,standard,completed,98,86,90,91.33,A,96
Female,group C,College,standard,none,58,67,72,65.67,C,94
Female,group D,Master,standard,none,87,100,100,95.67,A,99
Male,group E,Associate,standard,completed,66,63,64,64.33,C,81
Female,group B,Associate,free/reduced,none,52,76,70,66,C,86
Female,group B,High School,standard,none,70,64,72,68.67,C,94
Female,group D,Associate,free/reduced,completed,77,89,98,88,B,60
Male,group C,High School,standard,none,62,55,49,55.33,D,94
Male,group A,Associate,standard,none,54,53,47,51.33,D,96
Female,group D,College,standard,none,51,58,54,54.33,D,73
Female,group E,Bachelor,standard,completed,99,100,100,99.67,A,62
Male,group C,High School,standard,none,84,77,74,78.33,B,60
Female,group B,Bachelor,free/reduced,none,75,85,82,80.67,B,64
Female,group D,Bachelor,standard,none,78,82,79,79.67,B,85
Female,group D,High School,standard,none,51,63,61,58.33,D,73
Female,group C,College,standard,none,55,69,65,63,C,98
Female,group C,Bachelor,standard,completed,79,92,89,86.67,B,86
Male,group B,Associate,standard,completed,91,89,92,90.67,A,68
Female,group C,College,standard,completed,88,93,93,91.33,A,74
Male,group D,High School,free/reduced,none,63,57,56,58.67,D,74
Male,group E,College,standard,none,83,80,73,78.67,B,85
Female,group B,High School,standard,none,87,95,86,89.33,B,72
Male,group B,High School,standard,none,72,68,67,69,C,91
Male,group D,College,standard,completed,65,77,74,72,C,98
Male,group D,Master,standard,none,82,82,74,79.33,B,91
Female,group A,Bachelor,standard,none,51,49,51,50.33,D,63
Male,group D,Master,standard,none,89,84,82,85,B,89
Male,group C,High School,free/reduced,completed,53,37,40,43.33,D,96
Male,group E,College,free/reduced,completed,87,74,70,77,B,82
Female,group C,College,standard,completed,75,81,84,80,B,98
Male,group D,Bachelor,free/reduced,completed,74,79,75,76,B,74
Male,group C,Bachelor,standard,none,58,55,48,53.67,D,88
Male,group B,High School,standard,completed,51,54,41,48.67,D,95
Male,group E,High School,standard,none,70,55,56,60.33,C,72
Female,group C,Associate,standard,none,59,66,67,64,C,91
Male,group D,College,standard,completed,71,61,69,67,C,66
Female,group D,High School,standard,none,76,72,71,73,C,81
Female,group C,College,free/reduced,none,59,62,64,61.67,C,87
Female,group E,College,free/reduced,completed,42,55,54,50.33,D,61
Male,group A,High School,standard,none,57,43,47,49,D,65
Male,group D,College,standard,none,88,73,78,79.67,B,87
Female,group C,College,free/reduced,none,22,39,33,31.33,D,87
Male,group B,High School,standard,none,88,84,75,82.33,B,79
Male,group C,Associate,free/reduced,none,73,68,66,69,C,89
Female,group D,Bachelor,standard,completed,68,75,81,74.67,C,70
Male,group E,Associate,free/reduced,completed,100,100,93,97.67,A,87
Male,group A,High School,standard,completed,62,67,69,66,C,84
Male,group A,Bachelor,standard,none,77,67,68,70.67,C,98
Female,group B,Associate,standard,completed,59,70,66,65,C,92
Male,group D,Bachelor,standard,none,54,49,47,50,D,60
Male,group D,High School,standard,none,62,67,61,63.33,C,86
Female,group C,College,standard,completed,70,89,88,82.33,B,72
Female,group E,High School,free/reduced,completed,66,74,78,72.67,C,100
Male,group B,College,free/reduced,none,60,60,60,60,C,62
Female,group B,Associate,standard,completed,61,86,87,78,B,98
Male,group D,Associate,free/reduced,none,66,62,64,64,C,65
Male,group B,Associate,free/reduced,completed,82,78,74,78,B,67
Female,group E,College,free/reduced,completed,75,88,85,82.67,B,86
Male,group B,Master,free/reduced,none,49,53,52,51.33,D,68
Male,group C,High School,standard,none,52,53,49,51.33,D,96
Female,group E,Master,standard,none,81,92,91,88,B,92
Female,group C,Bachelor,standard,completed,96,100,100,98.67,A,83
Male,group C,High School,free/reduced,completed,53,51,51,51.67,D,74
Female,group B,Master,free/reduced,completed,58,76,78,70.67,C,91
Female,group B,High School,standard,completed,68,83,78,76.33,B,91
Female,group C,College,free/reduced,completed,67,75,70,70.67,C,83
Male,group A,High School,standard,completed,72,73,74,73,C,100
Male,group E,High School,standard,none,94,88,78,86.67,B,71
Female,group D,College,standard,none,79,86,81,82,B,98
Female,group C,Associate,standard,none,63,67,70,66.67,C,61
Female,group C,Bachelor,free/reduced,completed,43,51,54,49.33,D,62
Female,group C,Master,standard,completed,81,91,87,86.33,B,96
Female,group B,High School,free/reduced,completed,46,54,58,52.67,D,76
Female,group C,Associate,standard,completed,71,77,77,75,B,61
Female,group B,Master,free/reduced,completed,52,70,62,61.33,C,61
Female,group D,High School,standard,completed,97,100,100,99,A,87
Male,group C,Master,free/reduced,completed,62,68,75,68.33,C,82
Female,group C,College,free/reduced,none,46,64,66,58.67,D,96
Female,group E,High School,standard,none,50,50,47,49,D,91
Female,group D,Associate,standard,none,65,69,70,68,C,92
Male,group C,High School,free/reduced,completed,45,52,49,48.67,D,60
Male,group C,Associate,free/reduced,completed,65,67,65,65.67,C,78
Male,group E,High School,standard,none,80,76,65,73.67,C,61
Male,group D,High School,standard,completed,62,66,68,65.33,C,85
Male,group B,High School,free/reduced,none,48,52,45,48.33,D,91
Female,group C,Bachelor,standard,none,77,88,87,84,B,65
Female,group E,Associate,standard,none,66,65,69,66.67,C,91
Male,group D,College,standard,completed,76,83,79,79.33,B,63
Female,group B,High School,standard,none,62,64,66,64,C,70
Male,group D,College,standard,completed,77,62,62,67,C,76
Female,group C,Master,standard,completed,69,84,85,79.33,B,97
Male,group D,Associate,standard,none,61,55,52,56,D,83
Male,group C,High School,free/reduced,completed,59,69,65,64.33,C,64
Male,group E,High School,free/reduced,none,55,56,51,54,D,93
Female,group B,College,free/reduced,none,45,53,55,51,D,65
Female,group B,Bachelor,free/reduced,none,78,79,76,77.67,B,81
Female,group C,Associate,standard,completed,67,84,86,79,B,70
Female,group D,College,free/reduced,none,65,81,77,74.33,C,75
Male,group C,Associate,standard,none,69,77,69,71.67,C,92
Female,group B,Associate,standard,none,57,69,68,64.67,C,68
Male,group C,College,standard,none,59,41,42,47.33,D,65
Male,group D,High School,standard,completed,74,71,78,74.33,C,75
Male,group E,Bachelor,standard,none,82,62,62,68.67,C,88
Male,group E,High School,standard,completed,81,80,76,79,B,62
Female,group B,College,free/reduced,none,74,81,76,77,B,79
Female,group B,College,free/reduced,none,58,61,66,61.67,C,95
Male,group D,High School,free/reduced,completed,80,79,79,79.33,B,78
Male,group C,College,free/reduced,none,35,28,27,30,D,85
Female,group C,High School,free/reduced,none,42,62,60,54.67,D,62
Male,group C,Associate,free/reduced,completed,60,51,56,55.67,D,78
Male,group E,High School,standard,completed,87,91,81,86.33,B,79
Male,group B,High School,standard,completed,84,83,75,80.67,B,91
Female,group E,Associate,free/reduced,completed,83,86,88,85.67,B,66
Female,group C,High School,free/reduced,none,34,42,39,38.33,D,100
Male,group B,High School,free/reduced,none,66,77,70,71,C,92
Male,group B,High School,standard,completed,61,56,56,57.67,D,99
Female,group D,High School,standard,completed,56,68,74,66,C,98
Male,group B,Associate,standard,none,87,85,73,81.67,B,77
Female,group C,High School,free/reduced,none,55,65,62,60.67,C,99
Male,group D,High School,standard,none,86,80,75,80.33,B,60
Female,group B,Associate,standard,completed,52,66,73,63.67,C,70
Female,group E,Master,free/reduced,none,45,56,54,51.67,D,87
Female,group C,College,standard,none,72,72,71,71.67,C,84
Male,group D,High School,standard,none,57,50,54,53.67,D,82
Male,group A,High School,free/reduced,none,68,72,64,68,C,90
Female,group C,College,standard,completed,88,95,94,92.33,A,89
Male,group D,College,standard,none,76,64,66,68.67,C,94
Male,group C,Associate,standard,none,46,43,42,43.67,D,66
Female,group B,Bachelor,standard,none,67,86,83,78.67,B,75
Male,group E,High School,standard,none,92,87,78,85.67,B,85
Male,group C,Bachelor,standard,completed,83,82,84,83,B,61
Male,group D,Associate,standard,none,80,75,77,77.33,B,60
Male,group D,Bachelor,free/reduced,none,63,66,67,65.33,C,71
Female,group D,High School,standard,completed,64,60,74,66,C,64
Male,group B,College,standard,none,54,52,51,52.33,D,96
Male,group C,Associate,standard,none,84,80,80,81.33,B,91
Male,group D,High School,free/reduced,completed,73,68,66,69,C,68
Female,group E,Bachelor,standard,none,80,83,83,82,B,100
Female,group D,High School,standard,none,56,52,55,54.33,D,94
Male,group E,College,standard,none,59,51,43,51,D,78
Male,group D,High School,standard,none,75,74,69,72.67,C,75
Male,group C,Associate,standard,none,85,76,71,77.33,B,62
Male,group E,Associate,standard,none,89,76,74,79.67,B,79
Female,group B,High School,standard,completed,58,70,68,65.33,C,83
Female,group B,High School,standard,none,65,64,62,63.67,C,92
Male,group C,High School,standard,none,68,60,53,60.33,C,83
Male,group A,High School,standard,completed,47,49,49,48.33,D,70
Female,group D,College,free/reduced,none,71,83,83,79,B,67
Female,group B,High School,standard,completed,60,70,70,66.67,C,95
Male,group D,Master,standard,none,80,80,72,77.33,B,97
Male,group D,High School,standard,none,54,52,52,52.67,D,99
Female,group E,College,standard,none,62,73,70,68.33,C,79
Female,group C,Associate,free/reduced,none,64,73,68,68.33,C,94
Male,group C,Associate,standard,completed,78,77,77,77.33,B,84
Female,group B,College,standard,none,70,75,78,74.33,C,94
Female,group C,Master,free/reduced,completed,65,81,81,75.67,B,84
Female,group C,High School,free/reduced,completed,64,79,77,73.33,C,88
Male,group C,College,standard,completed,79,79,78,78.67,B,77
Female,group C,High School,free/reduced,none,44,50,51,48.33,D,77
Female,group E,High School,standard,none,99,93,90,94,A,61
Male,group D,High School,standard,none,76,73,68,72.33,C,94
Male,group D,High School,free/reduced,none,59,42,41,47.33,D,75
Female,group C,Bachelor,standard,none,63,75,81,73,C,100
Female,group D,High School,standard,none,69,72,77,72.67,C,95
Female,group D,Associate,standard,completed,88,92,95,91.67,A,92
Female,group E,College,free/reduced,none,71,76,70,72.33,C,63
Male,group C,Bachelor,standard,none,69,63,61,64.33,C,92
Male,group C,College,standard,none,58,49,42,49.67,D,73
Female,group D,Associate,free/reduced,none,47,53,58,52.67,D,80
Female,group D,College,standard,none,65,70,71,68.67,C,79
Male,group B,College,standard,completed,88,85,76,83,B,67
Male,group C,Bachelor,standard,none,83,78,73,78,B,66
Female,group C,High School,standard,completed,85,92,93,90,A,62
Female,group E,High School,standard,completed,59,63,75,65.67,C,76
Female,group C,High School,free/reduced,none,65,86,80,77,B,92
Male,group B,Bachelor,free/reduced,none,73,56,57,62,C,71
Male,group D,High School,standard,none,53,52,42,49,D,81
Male,group D,High School,standard,none,45,48,46,46.33,D,81
Female,group D,Bachelor,free/reduced,none,73,79,84,78.67,B,89
Female,group D,College,free/reduced,completed,70,78,78,75.33,B,97
Female,group B,High School,standard,none,37,46,46,43,D,97
Male,group B,Associate,standard,completed,81,82,82,81.67,B,67
Male,group E,Associate,standard,completed,97,82,88,89,B,86
Female,group B,High School,standard,none,67,89,82,79.33,B,86
Male,group B,Bachelor,free/reduced,none,88,75,76,79.67,B,93
Male,group E,High School,standard,completed,77,76,77,76.67,B,80
Male,group C,Associate,standard,none,76,70,68,71.33,C,89
Male,group D,High School,standard,none,86,73,70,76.33,B,92
Male,group C,High School,standard,completed,63,60,57,60,C,87
Female,group E,Bachelor,standard,none,65,73,75,71,C,92
Male,group D,High School,free/reduced,completed,78,77,80,78.33,B,64
Male,group B,Associate,free/reduced,none,67,62,60,63,C,78
Male,group A,High School,standard,completed,46,41,43,43.33,D,63
Male,group E,Associate,standard,completed,71,74,68,71,C,94
Male,group C,High School,free/reduced,completed,40,46,50,45.33,D,76
Male,group D,Associate,free/reduced,none,90,87,75,84,B,87
Male,group A,College,free/reduced,completed,81,78,81,80,B,89
Male,group D,High School,free/reduced,none,56,54,52,54,D,88
Female,group C,Associate,standard,completed,67,84,81,77.33,B,65
Male,group B,Associate,standard,none,80,76,64,73.33,C,94
Female,group C,Associate,standard,completed,74,75,83,77.33,B,100
Male,group A,College,standard,none,69,67,69,68.33,C,96
Male,group E,College,standard,completed,99,87,81,89,B,83
Male,group C,High School,standard,none,51,52,44,49,D,88
Female,group B,Associate,free/reduced,none,53,71,67,63.67,C,90
Female,group D,High School,free/reduced,none,49,57,52,52.67,D,94
Female,group B,Associate,standard,none,73,76,80,76.33,B,92
Male,group B,Bachelor,standard,none,66,60,57,61,C,80
Male,group D,Bachelor,standard,completed,67,61,68,65.33,C,91
Female,group C,Associate,free/reduced,completed,68,67,69,68,C,82
Female,group C,Bachelor,standard,completed,59,64,75,66,C,92
Male,group C,High School,standard,none,71,66,65,67.33,C,62
Female,group D,Master,standard,completed,77,82,91,83.33,B,77
Male,group C,Associate,standard,none,83,72,78,77.67,B,84
Male,group B,Bachelor,standard,none,63,71,69,67.67,C,90
Female,group D,Associate,free/reduced,none,56,65,63,61.33,C,62
Female,group C,High School,free/reduced,completed,67,79,84,76.67,B,99
Female,group E,High School,standard,none,75,86,79,80,B,83
Female,group C,College,standard,none,71,81,80,77.33,B,91
Female,group C,High School,free/reduced,none,43,53,53,49.67,D,81
Female,group C,High School,free/reduced,none,41,46,43,43.33,D,82
Female,group C,College,standard,none,82,90,94,88.67,B,61
Male,group C,College,standard,none,61,61,62,61.33,C,86
Male,group A,College,free/reduced,none,28,23,19,23.33,D,61
Male,group C,Associate,standard,completed,82,75,77,78,B,85
Female,group B,High School,standard,none,41,55,51,49,D,76
Male,group C,High School,standard,none,71,60,61,64,C,99
Male,group C,Associate,standard,none,47,37,35,39.67,D,92
Male,group E,Associate,standard,completed,62,56,53,57,D,68
Male,group B,Associate,standard,none,90,78,81,83,B,98
Female,group C,Bachelor,standard,none,83,93,95,90.33,A,88
Female,group B,College,free/reduced,none,61,68,66,65,C,85
Male,group D,High School,standard,completed,76,70,69,71.67,C,94
Male,group C,Associate,standard,none,49,51,43,47.67,D,84
Female,group B,High School,free/reduced,none,24,38,27,29.67,D,83
Female,group D,High School,free/reduced,completed,35,55,60,50,D,72
Male,group C,High School,free/reduced,none,58,61,52,57,D,66
Female,group C,High School,standard,none,61,73,63,65.67,C,95
Female,group B,High School,standard,completed,69,76,74,73,C,79
Male,group D,Associate,standard,completed,67,72,67,68.67,C,60
Male,group D,College,standard,none,79,73,67,73,C,67
Female,group C,High School,standard,none,72,80,75,75.67,B,75
Male,group B,College,standard,none,62,61,57,60,C,73
Female,group C,Bachelor,standard,completed,77,94,95,88.67,B,71
Male,group D,High School,free/reduced,none,75,74,66,71.67,C,82
Male,group E,Associate,standard,none,87,74,76,79,B,74
Female,group B,Bachelor,standard,none,52,65,69,62,C,87
Male,group E,College,standard,none,66,57,52,58.33,D,93
Female,group C,College,standard,completed,63,78,80,73.67,C,61
Female,group C,Associate,standard,none,46,58,57,53.67,D,91
Female,group C,College,standard,none,59,71,70,66.67,C,82
Female,group B,Bachelor,standard,none,61,72,70,67.67,C,81
Male,group A,Associate,standard,none,63,61,61,61.67,C,84
Female,group C,College,free/reduced,completed,42,66,69,59,D,81
Male,group D,College,free/reduced,none,59,62,61,60.67,C,81
Female,group D,College,standard,none,80,90,89,86.33,B,65
Female,group B,High School,standard,none,58,62,59,59.67,D,74
Male,group B,High School,standard,completed,85,84,78,82.33,B,96
Female,group C,College,standard,none,52,58,58,56,D,92
Female,group D,High School,free/reduced,none,27,34,32,31,D,67
Male,group C,College,standard,none,59,60,58,59,D,64
Male,group A,Bachelor,free/reduced,completed,49,58,60,55.67,D,98
Male,group C,High School,standard,completed,69,58,53,60,C,63
Male,group C,Bachelor,free/reduced,none,61,66,61,62.67,C,65
Female,group A,High School,free/reduced,none,44,64,58,55.33,D,91
Female,group D,High School,standard,none,73,84,85,80.67,B,89
Male,group E,College,standard,none,84,77,71,77.33,B,94
Female,group C,College,free/reduced,completed,45,73,70,62.67,C,99
Male,group D,High School,standard,none,74,74,72,73.33,C,75
Female,group D,College,standard,completed,82,97,96,91.67,A,72
Female,group D,Bachelor,standard,none,59,70,73,67.33,C,89
Male,group E,Associate,free/reduced,none,46,43,41,43.33,D,78
Female,group D,High School,standard,none,80,90,82,84,B,76
Female,group D,Master,free/reduced,completed,85,95,100,93.33,A,78
Female,group A,High School,standard,none,71,83,77,77,B,87
Male,group A,Bachelor,standard,none,66,64,62,64,C,85
Female,group B,Associate,standard,none,80,86,83,83,B,96
Male,group C,Associate,standard,completed,87,100,95,94,A,85
Male,group C,Master,free/reduced,none,79,81,71,77,B,82
Female,group E,High School,free/reduced,none,38,49,45,44,D,68
Female,group A,High School,free/reduced,none,38,43,43,41.33,D,71
Female,group E,College,standard,none,67,76,75,72.67,C,60
Female,group E,Bachelor,standard,none,64,73,70,69,C,60
Female,group C,Associate,free/reduced,none,57,78,67,67.33,C,93
Female,group D,High School,standard,none,62,64,64,63.33,C,91
Male,group D,Master,standard,none,73,70,75,72.67,C,84
Male,group E,High School,free/reduced,completed,73,67,59,66.33,C,99
Female,group D,College,standard,none,77,68,77,74,C,60
Male,group E,College,standard,none,76,67,67,70,C,75
Male,group C,Associate,standard,completed,57,54,56,55.67,D,98
Female,group C,High School,standard,completed,65,74,77,72,C,64
Male,group A,High School,free/reduced,none,48,45,41,44.67,D,81
Female,group B,High School,free/reduced,none,50,67,63,60,C,88
Female,group C,Associate,standard,none,85,89,95,89.67,B,62
Male,group B,High School,standard,none,74,63,57,64.67,C,71
Male,group D,High School,standard,none,60,59,54,57.67,D,85
Female,group C,High School,standard,completed,59,54,67,60,C,75
Male,group A,College,standard,none,53,43,43,46.33,D,96
Female,group A,College,free/reduced,none,49,65,55,56.33,D,81
Female,group D,High School,standard,completed,88,99,100,95.67,A,88
Female,group C,High School,standard,none,54,59,62,58.33,D,73
Female,group C,High School,standard,none,63,73,68,68,C,87
Male,group B,Associate,standard,completed,65,65,63,64.33,C,64
Female,group B,Associate,standard,none,82,80,77,79.67,B,89
Female,group D,High School,free/reduced,completed,52,57,56,55,D,64
Male,group D,Associate,standard,completed,87,84,85,85.33,B,71
Female,group D,Master,standard,completed,70,71,74,71.67,C,75
Male,group E,College,standard,completed,84,83,78,81.67,B,85
Male,group D,Associate,standard,none,71,66,60,65.67,C,85
Male,group B,High School,standard,completed,63,67,67,65.67,C,80
Female,group C,Bachelor,free/reduced,completed,51,72,79,67.33,C,98
Male,group E,High School,standard,none,84,73,69,75.33,B,95
Male,group C,Bachelor,standard,completed,71,74,68,71,C,92
Male,group C,Associate,standard,none,74,73,67,71.33,C,89
Male,group D,College,standard,none,68,59,62,63,C,96
Male,group E,High School,free/reduced,completed,57,56,54,55.67,D,82
Female,group C,Associate,free/reduced,completed,82,93,93,89.33,B,69
Female,group D,High School,standard,completed,57,58,64,59.67,D,64
Female,group D,Master,free/reduced,completed,47,58,67,57.33,D,95
Female,group A,High School,standard,completed,59,85,80,74.67,C,93
Male,group B,College,free/reduced,none,41,39,34,38,D,90
Female,group C,College,free/reduced,none,62,67,62,63.67,C,69
Male,group C,Bachelor,standard,none,86,83,86,85,B,78
Male,group C,High School,free/reduced,none,69,71,65,68.33,C,91
Male,group A,High School,free/reduced,none,65,59,53,59,D,60
Male,group C,High School,free/reduced,none,68,63,54,61.67,C,64
Male,group C,Associate,free/reduced,none,64,66,59,63,C,63
Female,group C,High School,standard,none,61,72,70,67.67,C,75
Male,group C,High School,standard,none,61,56,55,57.33,D,83
Female,group A,High School,free/reduced,none,47,59,50,52,D,75
Male,group C,High School,standard,none,73,66,66,68.33,C,61
Male,group C,College,free/reduced,completed,50,48,53,50.33,D,87
Male,group D,Associate,standard,none,75,68,64,69,C,91
Male,group D,Associate,free/reduced,none,75,66,73,71.33,C,86
Male,group C,High School,standard,none,70,56,51,59,D,79
Male,group D,High School,standard,completed,89,88,82,86.33,B,83
Female,group C,College,standard,completed,67,81,79,75.67,B,71
Female,group D,High School,standard,none,78,81,80,79.67,B,94
Female,group A,High School,free/reduced,none,59,73,69,67,C,92
Female,group B,Associate,standard,none,73,83,76,77.33,B,92
Male,group A,High School,free/reduced,none,79,82,73,78,B,96
Female,group C,High School,standard,completed,67,74,77,72.67,C,71
Male,group D,College,free/reduced,none,69,66,60,65,C,62
Male,group C,High School,standard,completed,86,81,80,82.33,B,60
Male,group B,High School,standard,none,47,46,42,45,D,92
Male,group B,Associate,standard,none,81,73,72,75.33,B,99
Female,group C,College,free/reduced,completed,64,85,85,78,B,69
Female,group E,College,standard,none,100,92,97,96.33,A,88
Female,group C,Associate,free/reduced,none,65,77,74,72,C,72
Male,group C,College,free/reduced,none,65,58,49,57.33,D,71
Female,group C,Associate,free/reduced,none,53,61,62,58.67,D,90
Male,group C,Bachelor,free/reduced,none,37,56,47,46.67,D,61
Female,group D,Bachelor,standard,none,79,89,89,85.67,B,94
Male,group D,Associate,free/reduced,none,53,54,48,51.67,D,82
Female,group E,Bachelor,standard,none,100,100,100,100,A,76
Male,group B,High School,standard,completed,72,65,68,68.33,C,85
Male,group C,Bachelor,free/reduced,none,53,58,55,55.33,D,67
Male,group B,College,free/reduced,none,54,54,45,51,D,88
Female,group E,College,standard,none,71,70,76,72.33,C,85
Female,group C,College,free/reduced,none,77,90,91,86,B,69
Male,group A,Bachelor,standard,completed,75,58,62,65,C,85
Female,group C,College,standard,none,84,87,91,87.33,B,93
Female,group D,Associate,free/reduced,none,26,31,38,31.67,D,100
Male,group A,High School,free/reduced,completed,72,67,65,68,C,66
Female,group A,High School,free/reduced,completed,77,88,85,83.33,B,63
Male,group C,College,standard,none,91,74,76,80.33,B,70
Female,group C,Associate,standard,completed,83,85,90,86,B,88
Female,group C,High School,standard,none,63,69,74,68.67,C,95
Female,group C,Associate,standard,completed,68,86,84,79.33,B,84
Female,group D,High School,standard,none,59,67,61,62.33,C,80
Female,group B,Associate,standard,completed,90,90,91,90.33,A,95
Female,group D,Bachelor,standard,completed,71,76,83,76.67,B,69
Male,group E,Bachelor,standard,completed,76,62,66,68,C,96
Male,group D,Associate,standard,none,80,68,72,73.33,C,68
Female,group D,Master,standard,none,55,64,70,63,C,83
Male,group E,Associate,standard,none,76,71,67,71.33,C,94
Male,group B,High School,standard,completed,73,71,68,70.67,C,94
Female,group D,Associate,free/reduced,none,52,59,56,55.67,D,95
Male,group C,College,free/reduced,none,68,68,61,65.67,C,77
Male,group A,High School,standard,none,59,52,46,52.33,D,98
Female,group B,Associate,standard,none,49,52,54,51.67,D,91
Male,group C,High School,standard,none,70,74,71,71.67,C,83
Male,group D,College,free/reduced,none,61,47,56,54.67,D,82
Female,group C,Associate,free/reduced,none,60,75,74,69.67,C,91
Male,group B,High School,standard,completed,64,53,57,58,D,96
Male,group A,Associate,free/reduced,completed,79,82,82,81,B,71
Female,group A,Associate,free/reduced,none,65,85,76,75.33,B,72
Female,group C,Associate,standard,none,64,64,70,66,C,82
Female,group C,College,standard,none,83,83,90,85.33,B,84
Female,group C,Bachelor,standard,none,81,88,90,86.33,B,94
Female,group B,High School,standard,none,54,64,68,62,C,100
Male,group D,High School,standard,completed,68,64,66,66,C,89
Female,group C,College,standard,none,54,48,52,51.33,D,76
Female,group D,College,free/reduced,completed,59,78,76,71,C,79
Female,group B,High School,standard,none,66,69,68,67.67,C,84
Male,group E,College,standard,none,76,71,72,73,C,81
Female,group D,Master,standard,none,74,79,82,78.33,B,72
Female,group B,Associate,standard,completed,94,87,92,91,A,78
Male,group C,College,free/reduced,none,63,61,54,59.33,D,95
Female,group E,Associate,standard,completed,95,89,92,92,A,71
Female,group D,Master,free/reduced,none,40,59,54,51,D,100
Female,group B,High School,standard,none,82,82,80,81.33,B,78
Male,group A,High School,standard,none,68,70,66,68,C,71
Male,group B,Bachelor,free/reduced,none,55,59,54,56,D,68
Male,group C,Master,standard,none,79,78,77,78,B,66
Female,group C,Bachelor,standard,none,86,92,87,88.33,B,87
Male,group D,College,standard,none,76,71,73,73.33,C,73
Male,group A,High School,standard,none,64,50,43,52.33,D,90
Male,group D,High School,free/reduced,none,62,49,52,54.33,D,78
Female,group B,High School,standard,completed,54,61,62,59,D,75
Female,group B,Master,free/reduced,completed,77,97,94,89.33,B,64
Female,group C,High School,standard,completed,76,87,85,82.67,B,94
Female,group D,College,standard,none,74,89,84,82.33,B,71
Female,group E,College,standard,completed,66,74,73,71,C,84
Female,group D,High School,standard,completed,66,78,78,74,C,80
Female,group B,High School,free/reduced,completed,67,78,79,74.67,C,95
Male,group D,College,standard,none,71,49,52,57.33,D,82
Female,group C,Associate,standard,none,91,86,84,87,B,75
Male,group D,Bachelor,standard,none,69,58,57,61.33,C,98
Male,group C,Master,free/reduced,none,54,59,50,54.33,D,98
Male,group C,High School,standard,completed,53,52,49,51.33,D,73
Male,group E,College,standard,none,68,60,59,62.33,C,90
Male,group C,High School,free/reduced,completed,56,61,60,59,D,64
Female,group C,High School,free/reduced,none,36,53,43,44,D,94
Female,group D,Bachelor,free/reduced,none,29,41,47,39,D,82
Female,group C,Associate,standard,none,62,74,70,68.67,C,88
Female,group C,Associate,standard,completed,68,67,73,69.33,C,70
Female,group C,High School,standard,none,47,54,53,51.33,D,77
Male,group E,Associate,standard,completed,62,61,58,60.33,C,71
Female,group E,Associate,standard,completed,79,88,94,87,B,68
Male,group B,High School,standard,completed,73,69,68,70,C,69
Female,group C,Bachelor,free/reduced,completed,66,83,83,77.33,B,76
Male,group C,Associate,standard,completed,51,60,58,56.33,D,97
Female,group D,High School,standard,none,51,66,62,59.67,D,66
Male,group E,Bachelor,standard,completed,85,66,71,74,C,72
Male,group A,Associate,standard,completed,97,92,86,91.67,A,99
Male,group C,High School,standard,completed,75,69,68,70.67,C,68
Male,group D,Associate,free/reduced,completed,79,82,80,80.33,B,86
Female,group C,Associate,standard,none,81,77,79,79,B,61
Female,group D,Associate,standard,none,82,95,89,88.67,B,64
Female,group D,Master,standard,none,64,63,66,64.33,C,88
Male,group E,High School,free/reduced,completed,78,83,80,80.33,B,96
Female,group A,High School,standard,completed,92,100,97,96.33,A,97
Male,group C,High School,standard,completed,72,67,64,67.67,C,78
Female,group C,High School,free/reduced,none,62,67,64,64.33,C,67
Male,group C,Master,standard,none,79,72,69,73.33,C,60
Male,group C,High School,free/reduced,none,79,76,65,73.33,C,81
Male,group B,Bachelor,free/reduced,completed,87,90,88,88.33,B,76
Female,group B,Associate,standard,none,40,48,50,46,D,66
Male,group D,College,free/reduced,none,77,62,64,67.67,C,84
Male,group E,Associate,standard,none,53,45,40,46,D,63
Female,group C,College,free/reduced,none,32,39,33,34.67,D,95
Female,group C,Associate,standard,completed,55,72,79,68.67,C,65
Male,group C,Master,free/reduced,none,61,67,66,64.67,C,90
Female,group B,Associate,free/reduced,none,53,70,70,64.33,C,78
Male,group D,High School,standard,none,73,66,62,67,C,98
Female,group D,College,standard,completed,74,75,79,76,B,86
Female,group C,College,standard,none,63,74,74,70.33,C,69
Male,group C,Bachelor,standard,completed,96,90,92,92.67,A,85
Female,group D,College,free/reduced,completed,63,80,80,74.33,C,78
Male,group B,Bachelor,free/reduced,none,48,51,46,48.33,D,98
Male,group B,Associate,standard,none,48,43,45,45.33,D,62
Female,group E,Bachelor,free/reduced,completed,92,100,100,97.33,A,72
Female,group D,Master,free/reduced,completed,61,71,78,70,C,87
Male,group B,High School,free/reduced,none,63,48,47,52.67,D,79
Male,group D,Bachelor,free/reduced,none,68,68,67,67.67,C,87
Male,group B,College,standard,completed,71,75,70,72,C,67
Male,group A,Bachelor,standard,none,91,96,92,93,A,100
Female,group C,College,standard,none,53,62,56,57,D,98
Female,group C,High School,free/reduced,completed,50,66,64,60,C,60
Female,group E,High School,standard,none,74,81,71,75.33,B,62
Male,group A,Associate,free/reduced,completed,40,55,53,49.33,D,72
Male,group A,College,standard,completed,61,51,52,54.67,D,87
Female,group B,High School,standard,none,81,91,89,87,B,84
Female,group B,College,free/reduced,completed,48,56,58,54,D,92
Female,group D,Master,standard,none,53,61,68,60.67,C,97
Female,group D,High School,standard,none,81,97,96,91.33,A,65
Female,group E,High School,standard,none,77,79,80,78.67,B,91
Female,group D,Bachelor,free/reduced,none,63,73,78,71.33,C,80
Female,group D,Associate,standard,completed,73,75,80,76,B,75
Female,group D,College,standard,none,69,77,77,74.33,C,80
Female,group C,Associate,standard,none,65,76,76,72.33,C,70
Female,group A,High School,standard,none,55,73,73,67,C,96
Female,group C,Bachelor,free/reduced,none,44,63,62,56.33,D,95
Female,group C,College,standard,none,54,64,65,61,C,94
Female,group A,High School,standard,none,48,66,65,59.67,D,78
Male,group C,College,free/reduced,none,58,57,54,56.33,D,79
Male,group A,High School,standard,none,71,62,50,61,C,77
Male,group E,Bachelor,standard,none,68,68,64,66.67,C,100
Female,group E,High School,standard,none,74,76,73,74.33,C,73
Female,group C,Bachelor,standard,completed,92,100,99,97,A,74
Female,group C,Bachelor,standard,completed,56,79,72,69,C,90
Male,group B,High School,free/reduced,none,30,24,15,23,D,60
Male,group A,High School,standard,none,53,54,48,51.67,D,62
Female,group D,High School,standard,none,69,77,73,73,C,75
Female,group D,High School,standard,none,65,82,81,76,B,82
Female,group D,Master,standard,none,54,60,63,59,D,70
Female,group C,High School,standard,none,29,29,30,29.33,D,71
Female,group E,College,standard,none,76,78,80,78,B,69
Male,group D,High School,free/reduced,none,60,57,51,56,D,91
Male,group D,Master,free/reduced,completed,84,89,90,87.67,B,75
Male,group C,High School,standard,none,75,72,62,69.67,C,67
Female,group C,Associate,standard,none,85,84,82,83.67,B,97
Female,group C,Master,free/reduced,none,40,58,54,50.67,D,71
Female,group E,College,standard,none,61,64,62,62.33,C,83
Female,group B,Associate,standard,none,58,63,65,62,C,87
Male,group D,College,free/reduced,completed,69,60,63,64,C,67
Female,group C,College,standard,none,58,59,66,61,C,87
Male,group C,Bachelor,standard,completed,94,90,91,91.67,A,95
Female,group C,Associate,standard,none,65,77,74,72,C,85
Female,group A,Associate,standard,none,82,93,93,89.33,B,67
Female,group C,High School,standard,none,60,68,72,66.67,C,87
Female,group E,Bachelor,standard,none,37,45,38,40,D,87
Male,group D,Bachelor,standard,none,88,78,83,83,B,96
Male,group D,Master,standard,none,95,81,84,86.67,B,100
Male,group C,Associate,free/reduced,completed,65,73,68,68.67,C,95
Female,group C,High School,free/reduced,none,35,61,54,50,D,86
Male,group B,Bachelor,free/reduced,none,62,63,56,60.33,C,76
Male,group C,High School,free/reduced,completed,58,51,52,53.67,D,68
Male,group A,College,standard,completed,100,96,86,94,A,92
Female,group E,Bachelor,free/reduced,none,61,58,62,60.33,C,79
Male,group D,College,standard,completed,100,97,99,98.67,A,72
Male,group B,Associate,free/reduced,completed,69,70,63,67.33,C,87
Male,group D,Associate,standard,none,61,48,46,51.67,D,88
Male,group D,College,free/reduced,none,49,57,46,50.67,D,72
Female,group C,High School,standard,completed,44,51,55,50,D,94
Male,group D,College,standard,none,67,64,70,67,C,65
Male,group B,High School,standard,none,79,60,65,68,C,77
Female,group B,Bachelor,standard,completed,66,74,81,73.67,C,64
Female,group C,High School,standard,none,75,88,85,82.67,B,84
Male,group D,High School,standard,none,84,84,80,82.67,B,61
Male,group A,High School,standard,none,71,74,64,69.67,C,69
Female,group B,High School,free/reduced,completed,67,80,81,76,B,89
Female,group D,High School,standard,completed,80,92,88,86.67,B,64
Male,group E,College,standard,none,86,76,74,78.67,B,92
Female,group D,Associate,standard,none,76,74,73,74.33,C,60
Male,group D,High School,standard,none,41,52,51,48,D,77
Female,group D,Associate,free/reduced,completed,74,88,90,84,B,91
Female,group B,High School,free/reduced,none,72,81,79,77.33,B,70
Female,group E,High School,standard,completed,74,79,80,77.67,B,80
Male,group B,High School,standard,none,70,65,60,65,C,85
Female,group B,Bachelor,standard,completed,65,81,81,75.67,B,84
Female,group D,Associate,standard,none,59,70,65,64.67,C,81
Female,group E,High School,free/reduced,none,64,62,68,64.67,C,86
Female,group B,High School,standard,none,50,53,55,52.67,D,72
Female,group D,College,standard,completed,69,79,81,76.33,B,92
Male,group C,High School,free/reduced,completed,51,56,53,53.33,D,93
Female,group A,High School,standard,completed,68,80,76,74.67,C,100
Female,group D,College,standard,completed,85,86,98,89.67,B,94
Female,group A,Associate,standard,completed,65,70,74,69.67,C,60
Female,group B,High School,standard,none,73,79,79,77,B,80
Female,group B,College,standard,none,62,67,67,65.33,C,65
Male,group C,Associate,free/reduced,none,77,67,64,69.33,C,87
Male,group D,High School,standard,none,69,66,61,65.33,C,76
Female,group D,Associate,free/reduced,none,43,60,58,53.67,D,64
Male,group D,Associate,standard,none,90,87,85,87.33,B,90
Male,group C,College,free/reduced,none,74,77,73,74.67,C,64
Male,group C,High School,standard,none,73,66,63,67.33,C,97
Female,group D,College,free/reduced,none,55,71,69,65,C,62
Female,group C,High School,standard,none,65,69,67,67,C,82
Male,group D,Associate,standard,none,80,63,63,68.67,C,96
Female,group C,High School,free/reduced,completed,50,60,60,56.67,D,96
Female,group C,College,free/reduced,completed,63,73,71,69,C,69
Female,group B,Bachelor,free/reduced,none,77,85,87,83,B,69
Male,group C,College,standard,none,73,74,61,69.33,C,78
Male,group D,Associate,standard,completed,81,72,77,76.67,B,76
Female,group C,High School,free/reduced,none,66,76,68,70,C,80
Male,group D,Associate,free/reduced,none,52,57,50,53,D,73
Female,group C,College,standard,none,69,78,76,74.33,C,68
Female,group C,Associate,standard,completed,65,84,84,77.67,B,60
Female,group D,High School,standard,completed,69,77,78,74.67,C,72
Female,group B,College,standard,completed,50,64,66,60,C,63
Female,group E,College,standard,completed,73,78,76,75.67,B,60
Female,group C,High School,standard,completed,70,82,76,76,B,99
Male,group D,Associate,free/reduced,none,81,75,78,78,B,91
Male,group D,College,free/reduced,none,63,61,60,61.33,C,93
Female,group D,High School,standard,none,67,72,74,71,C,87
Male,group B,High School,standard,none,60,68,60,62.67,C,90
Male,group B,High School,standard,none,62,55,54,57,D,67
Female,group C,High School,free/reduced,completed,29,40,44,37.67,D,98
Male,group B,College,standard,completed,62,66,68,65.33,C,85
Female,group E,Master,standard,completed,94,99,100,97.67,A,93
Male,group E,College,standard,completed,85,75,68,76,B,62
Male,group D,Associate,free/reduced,none,77,78,73,76,B,71
Male,group A,High School,free/reduced,none,53,58,44,51.67,D,60
Male,group E,College,free/reduced,none,93,90,83,88.67,B,64
Female,group C,Associate,standard,none,49,53,53,51.67,D,89
Female,group E,Associate,free/reduced,none,73,76,78,75.67,B,89
Female,group C,Bachelor,free/reduced,completed,66,74,81,73.67,C,76
Female,group D,Associate,standard,none,77,77,73,75.67,B,82
Female,group C,High School,standard,none,49,63,56,56,D,74
Female,group D,College,free/reduced,none,79,89,86,84.67,B,96
Female,group C,Associate,standard,completed,75,82,90,82.33,B,80
Female,group A,Bachelor,standard,none,59,72,70,67,C,73
Female,group D,Associate,standard,completed,57,78,79,71.33,C,61
Male,group C,High School,free/reduced,none,66,66,59,63.67,C,70
Female,group E,Bachelor,standard,completed,79,81,82,80.67,B,98
Female,group B,High School,standard,none,57,67,72,65.33,C,97
Male,group A,Bachelor,standard,completed,87,84,87,86,B,93
Female,group D,College,standard,none,63,64,67,64.67,C,97
Female,group B,High School,free/reduced,completed,59,63,64,62,C,93
Male,group A,Bachelor,free/reduced,none,62,72,65,66.33,C,77
Male,group D,High School,standard,none,46,34,36,38.67,D,89
Male,group C,College,standard,none,66,59,52,59,D,74
Male,group D,High School,standard,none,89,87,79,85,B,86
Female,group D,Associate,free/reduced,completed,42,61,58,53.67,D,93
Male,group C,College,standard,completed,93,84,90,89,B,97
Female,group E,High School,standard,completed,80,85,85,83.33,B,92
Female,group D,College,standard,none,98,100,99,99,A,83
Male,group D,Master,standard,none,81,81,84,82,B,74
Female,group B,High School,standard,completed,60,70,74,68,C,89
Female,group B,Associate,free/reduced,completed,76,94,87,85.67,B,76
Male,group C,Associate,standard,completed,73,78,72,74.33,C,64
Female,group C,Associate,standard,completed,96,96,99,97,A,88
Female,group C,High School,standard,none,76,76,74,75.33,B,63
Male,group E,Associate,free/reduced,completed,91,73,80,81.33,B,69
Female,group C,College,free/reduced,none,62,72,70,68,C,76
Male,group D,High School,free/reduced,completed,55,59,59,57.67,D,69
Female,group B,High School,free/reduced,completed,74,90,88,84,B,76
Male,group C,High School,standard,none,50,48,42,46.67,D,79
Male,group B,College,standard,none,47,43,41,43.67,D,83
Male,group E,College,standard,completed,81,74,71,75.33,B,64
Female,group E,Associate,standard,completed,65,75,77,72.33,C,93
Male,group E,High School,standard,completed,68,51,57,58.67,D,65
Female,group D,High School,free/reduced,none,73,92,84,83,B,61
Male,group C,College,standard,none,53,39,37,43,D,72
Female,group B,Associate,free/reduced,completed,68,77,80,75,B,70
Male,group A,High School,free/reduced,none,55,46,43,48,D,82
Female,group C,College,standard,completed,87,89,94,90,A,75
Male,group D,High School,standard,none,55,47,44,48.67,D,90
Female,group E,College,free/reduced,none,53,58,57,56,D,70
Male,group C,Master,standard,none,67,57,59,61,C,75
Male,group C,Associate,standard,none,92,79,84,85,B,67
Female,group B,College,free/reduced,completed,53,66,73,64,C,63
Male,group D,Associate,standard,none,81,71,73,75,B,99
Male,group C,High School,free/reduced,none,61,60,55,58.67,D,63
Male,group D,Bachelor,standard,none,80,73,72,75,B,84
Female,group A,Associate,free/reduced,none,37,57,56,50,D,62
Female,group C,High School,standard,none,81,84,82,82.33,B,91
Female,group C,Associate,standard,completed,59,73,72,68,C,62
Male,group B,College,free/reduced,none,55,55,47,52.33,D,86
Male,group D,Associate,standard,none,72,79,74,75,B,88
Male,group D,High School,standard,none,69,75,71,71.67,C,91
Male,group C,College,standard,none,69,64,68,67,C,78
Female,group C,Bachelor,free/reduced,none,50,60,59,56.33,D,80
Male,group B,College,standard,completed,87,84,86,85.67,B,64
Male,group D,High School,standard,completed,71,69,68,69.33,C,77
Male,group E,College,standard,none,68,72,65,68.33,C,87
Male,group C,Master,free/reduced,completed,79,77,75,77,B,81
Female,group C,High School,standard,completed,77,90,85,84,B,80
Male,group C,Associate,free/reduced,none,58,55,53,55.33,D,65
Female,group E,Associate,standard,none,84,95,92,90.33,A,60
Male,group D,College,standard,none,55,58,52,55,D,64
Male,group E,Bachelor,free/reduced,completed,70,68,72,70,C,100
Female,group D,College,free/reduced,completed,52,59,65,58.67,D,71
Male,group B,College,standard,completed,69,77,77,74.33,C,85
Female,group C,High School,free/reduced,none,53,72,64,63,C,93
Female,group D,High School,standard,none,48,58,54,53.33,D,73
Male,group D,High School,standard,completed,78,81,86,81.67,B,85
Female,group B,High School,standard,none,62,62,63,62.33,C,86
Male,group D,College,standard,none,60,63,59,60.67,C,68
Female,group B,High School,standard,none,74,72,72,72.67,C,85
Female,group C,High School,standard,completed,58,75,77,70,C,81
Male,group B,High School,standard,completed,76,62,60,66,C,89
Female,group D,High School,standard,none,68,71,75,71.33,C,76
Male,group A,College,free/reduced,none,58,60,57,58.33,D,85
Male,group B,High School,standard,none,52,48,49,49.67,D,95
Male,group D,Bachelor,standard,none,75,73,74,74,C,60
Female,group B,High School,free/reduced,completed,52,67,72,63.67,C,67
Female,group C,Bachelor,free/reduced,none,62,78,79,73,C,94
Male,group B,College,standard,none,66,65,60,63.67,C,74
Female,group B,High School,free/reduced,none,49,58,55,54,D,81
Female,group B,High School,standard,none,66,72,70,69.33,C,73
Female,group C,College,free/reduced,none,35,44,43,40.67,D,85
Female,group A,College,standard,completed,72,79,82,77.67,B,87
Male,group E,Associate,standard,completed,94,85,82,87,B,82
Female,group D,Associate,free/reduced,none,46,56,57,53,D,73
Female,group B,Master,standard,none,77,90,84,83.67,B,83
Female,group B,High School,free/reduced,completed,76,85,82,81,B,61
Female,group C,Associate,standard,completed,52,59,62,57.67,D,85
Male,group C,Bachelor,standard,completed,91,81,79,83.67,B,73
Female,group B,High School,standard,completed,32,51,44,42.33,D,66
Female,group E,High School,free/reduced,none,72,79,77,76,B,62
Female,group B,College,standard,none,19,38,32,29.67,D,82
Male,group C,Associate,free/reduced,none,68,65,61,64.67,C,77
Female,group C,Master,free/reduced,none,52,65,61,59.33,D,97
Female,group B,High School,standard,none,48,62,60,56.67,D,94
Female,group D,College,free/reduced,none,60,66,70,65.33,C,74
Male,group D,High School,free/reduced,none,66,74,69,69.67,C,84
Male,group E,High School,standard,completed,89,84,77,83.33,B,96
Female,group B,High School,standard,none,42,52,51,48.33,D,87
Female,group E,Associate,free/reduced,completed,57,68,73,66,C,69
Male,group D,High School,standard,none,70,70,70,70,C,98
Female,group E,Associate,free/reduced,none,70,84,81,78.33,B,76
Male,group E,College,standard,none,69,60,54,61,C,98
Female,group C,Associate,standard,none,52,55,57,54.67,D,81
Male,group C,High School,standard,completed,67,73,68,69.33,C,85
Male,group C,High School,standard,completed,76,80,73,76.33,B,84
Female,group E,Associate,standard,none,87,94,95,92,A,76
Female,group B,College,standard,none,82,85,87,84.67,B,72
Female,group C,College,standard,none,73,76,78,75.67,B,79
Male,group A,College,free/reduced,none,75,81,74,76.67,B,84
Female,group D,College,free/reduced,none,64,74,75,71,C,63
Female,group E,High School,free/reduced,none,41,45,40,42,D,69
Male,group C,High School,standard,none,90,75,69,78,B,62
Male,group B,Bachelor,standard,none,59,54,51,54.67,D,100
Male,group A,High School,standard,none,51,31,36,39.33,D,77
Male,group A,High School,free/reduced,none,45,47,49,47,D,95
Female,group C,Master,standard,completed,54,64,67,61.67,C,81
Male,group E,High School,standard,completed,87,84,76,82.33,B,93
Female,group C,High School,standard,none,72,80,83,78.33,B,67
Male,group B,High School,standard,completed,94,86,87,89,B,99
Female,group A,Bachelor,standard,none,45,59,64,56,D,78
Male,group D,Bachelor,free/reduced,completed,61,70,76,69,C,100
Female,group B,High School,free/reduced,none,60,72,68,66.67,C,96
Female,group C,High School,standard,none,77,91,88,85.33,B,65
Female,group A,High School,standard,completed,85,90,92,89,B,85
Female,group D,Bachelor,free/reduced,none,78,90,93,87,B,93
Male,group E,College,free/reduced,completed,49,52,51,50.67,D,65
Female,group B,High School,free/reduced,none,71,87,82,80,B,96
Female,group C,High School,free/reduced,none,48,58,52,52.67,D,92
Male,group C,High School,standard,none,62,67,58,62.33,C,81
Female,group C,Associate,free/reduced,completed,56,68,70,64.67,C,80
Female,group C,High School,standard,none,65,69,76,70,C,65
Female,group D,High School,free/reduced,completed,69,86,81,78.67,B,65
Male,group B,High School,standard,none,68,54,53,58.33,D,63
Female,group A,College,free/reduced,none,61,60,57,59.33,D,89
Female,group C,Bachelor,free/reduced,completed,74,86,89,83,B,70
Male,group A,Bachelor,standard,none,64,60,58,60.67,C,89
Female,group B,High School,standard,completed,77,82,89,82.67,B,90
Male,group B,College,standard,none,58,50,45,51,D,83
Female,group C,High School,standard,completed,60,64,74,66,C,68
Male,group E,High School,standard,none,73,64,57,64.67,C,62
Female,group A,High School,standard,completed,75,82,79,78.67,B,90
Male,group B,Associate,free/reduced,completed,58,57,53,56,D,99
Female,group C,Associate,standard,none,66,77,73,72,C,96
Female,group D,High School,free/reduced,none,39,52,46,45.67,D,95
Male,group C,High School,standard,none,64,58,51,57.67,D,83
Female,group B,High School,free/reduced,completed,23,44,36,34.33,D,90
Male,group B,College,free/reduced,completed,74,77,76,75.67,B,65
Female,group D,High School,free/reduced,completed,40,65,64,56.33,D,61
Male,group E,Master,standard,none,90,85,84,86.33,B,79
Male,group C,Master,standard,completed,91,85,85,87,B,87
Male,group D,High School,standard,none,64,54,50,56,D,70
Female,group C,High School,standard,none,59,72,68,66.33,C,63
Male,group D,Associate,standard,none,80,75,69,74.67,C,74
Male,group C,Master,standard,none,71,67,67,68.33,C,65
Female,group A,High School,standard,none,61,68,63,64,C,89
Female,group E,College,standard,none,87,85,93,88.33,B,97
Male,group E,High School,standard,none,82,67,61,70,C,61
Male,group C,High School,standard,none,62,64,55,60.33,C,74
Female,group B,Bachelor,standard,none,97,97,96,96.67,A,70
Male,group B,College,free/reduced,none,75,68,65,69.33,C,67
Female,group C,Bachelor,standard,none,65,79,81,75,B,85
Male,group B,High School,standard,completed,52,49,46,49,D,64
Male,group C,Associate,free/reduced,none,87,73,72,77.33,B,65
Female,group C,Associate,standard,none,53,62,53,56,D,85
Female,group E,Master,free/reduced,none,81,86,87,84.67,B,63
Male,group D,Bachelor,free/reduced,completed,39,42,38,39.67,D,78
Female,group C,College,standard,completed,71,71,80,74,C,79
Male,group C,Associate,standard,none,97,93,91,93.67,A,92
Male,group D,College,standard,completed,82,82,88,84,B,79
Male,group C,High School,free/reduced,none,59,53,52,54.67,D,71
Male,group B,Associate,standard,none,61,42,41,48,D,60
Male,group E,Associate,free/reduced,completed,78,74,72,74.67,C,85
Male,group C,Associate,free/reduced,none,49,51,51,50.33,D,73
Male,group B,High School,standard,none,59,58,47,54.67,D,97
Female,group C,College,standard,completed,70,72,76,72.67,C,96
Male,group B,Associate,standard,completed,82,84,78,81.33,B,70
Male,group E,Associate,free/reduced,none,90,90,82,87.33,B,95
Female,group C,Bachelor,free/reduced,none,43,62,61,55.33,D,72
Male,group C,College,free/reduced,none,80,64,66,70,C,62
Male,group D,College,standard,none,81,82,84,82.33,B,92
Male,group C,High School,standard,none,57,61,54,57.33,D,65
Female,group D,High School,standard,none,59,72,80,70.33,C,69
Female,group D,Associate,standard,none,64,76,74,71.33,C,64
Male,group C,Bachelor,standard,completed,63,64,66,64.33,C,82
Female,group E,Bachelor,standard,completed,71,70,70,70.33,C,69
Female,group B,High School,free/reduced,none,64,73,71,69.33,C,61
Male,group D,Bachelor,free/reduced,none,55,46,44,48.33,D,72
Female,group E,Associate,standard,none,51,51,54,52,D,99
Female,group C,Associate,standard,completed,62,76,80,72.67,C,61
Female,group E,Associate,standard,completed,93,100,95,96,A,79
Male,group C,High School,free/reduced,none,54,72,59,61.67,C,60
Female,group D,College,free/reduced,none,69,65,74,69.33,C,96
Male,group D,High School,free/reduced,none,44,51,48,47.67,D,68
Female,group E,College,standard,completed,86,85,91,87.33,B,76
Female,group E,Associate,standard,none,85,92,85,87.33,B,68
Female,group A,Master,free/reduced,none,50,67,73,63.33,C,70
Male,group D,High School,standard,completed,88,74,75,79,B,74
Female,group E,Associate,standard,none,59,62,69,63.33,C,83
Female,group E,High School,free/reduced,none,32,34,38,34.67,D,97
Male,group B,High School,free/reduced,none,36,29,27,30.67,D,94
Female,group B,High School,free/reduced,completed,63,78,79,73.33,C,89
Male,group D,Associate,standard,completed,67,54,63,61.33,C,90
Female,group D,High School,standard,completed,65,78,82,75,B,64
Male,group D,Master,standard,none,85,84,89,86,B,73
Female,group C,Master,standard,none,73,78,74,75,B,70
Female,group A,High School,free/reduced,completed,34,48,41,41,D,68
Female,group D,Bachelor,free/reduced,completed,93,100,100,97.67,A,93
Female,group D,High School,free/reduced,none,67,84,84,78.33,B,71
Male,group D,College,standard,none,88,77,77,80.67,B,94
Male,group B,High School,standard,none,57,48,51,52,D,94
Female,group D,College,standard,completed,79,84,91,84.67,B,60
Female,group C,Bachelor,free/reduced,none,67,75,72,71.33,C,99
Male,group E,Bachelor,standard,completed,70,64,70,68,C,81
Male,group D,Bachelor,free/reduced,none,50,42,48,46.67,D,88
Female,group A,College,standard,none,69,84,82,78.33,B,67
Female,group C,Bachelor,standard,completed,52,61,66,59.67,D,70
Female,group C,Bachelor,free/reduced,completed,47,62,66,58.33,D,100
Female,group B,Associate,free/reduced,none,46,61,55,54,D,96
Female,group E,College,standard,none,68,70,66,68,C,73
Male,group E,Bachelor,standard,completed,100,100,100,100,A,89
Female,group C,High School,standard,none,44,61,52,52.33,D,94
Female,group C,Associate,standard,completed,57,77,80,71.33,C,80
Male,group B,College,standard,completed,91,96,91,92.67,A,96
Male,group D,High School,free/reduced,none,69,70,67,68.67,C,64
Female,group C,High School,free/reduced,none,35,53,46,44.67,D,78
Male,group D,High School,standard,none,72,66,66,68,C,73
Female,group B,Associate,free/reduced,none,54,65,65,61.33,C,85
Male,group D,High School,free/reduced,none,74,70,69,71,C,63
Male,group E,High School,standard,completed,74,64,60,66,C,84
Male,group E,Associate,free/reduced,none,64,56,52,57.33,D,84
Female,group D,High School,free/reduced,completed,65,61,71,65.67,C,77
Male,group E,Associate,free/reduced,completed,46,43,44,44.33,D,99
Female,group C,High School,free/reduced,none,48,56,51,51.67,D,67
Male,group C,College,free/reduced,completed,67,74,70,70.33,C,98
Male,group D,College,free/reduced,none,62,57,62,60.33,C,99
Male,group D,Associate,free/reduced,completed,61,71,73,68.33,C,73
Male,group C,Bachelor,free/reduced,completed,70,75,74,73,C,91
Male,group C,Associate,standard,completed,98,87,90,91.67,A,97
Male,group D,College,free/reduced,none,70,63,58,63.67,C,92
Male,group A,Associate,standard,none,67,57,53,59,D,82
Female,group E,High School,free/reduced,none,57,58,57,57.33,D,74
Male,group D,College,standard,completed,85,81,85,83.67,B,92
Male,group D,High School,standard,completed,77,68,69,71.33,C,84
Male,group C,Master,free/reduced,completed,72,66,72,70,C,76
Female,group D,Master,standard,none,78,91,96,88.33,B,92
Male,group C,High School,standard,none,81,66,64,70.33,C,61
Male,group A,High School,free/reduced,completed,61,62,61,61.33,C,73
Female,group B,High School,standard,none,58,68,61,62.33,C,99
Female,group C,Associate,standard,none,54,61,58,57.67,D,99
Male,group B,High School,standard,none,82,82,80,81.33,B,98
Female,group D,College,free/reduced,none,49,58,60,55.67,D,65
Male,group B,High School,free/reduced,completed,49,50,52,50.33,D,65
Female,group E,High School,free/reduced,completed,57,75,73,68.33,C,62
Male,group E,High School,standard,none,94,73,71,79.33,B,66
Female,group D,College,standard,completed,75,77,83,78.33,B,67
Female,group E,High School,free/reduced,none,74,74,72,73.33,C,74
Male,group C,High School,standard,completed,58,52,54,54.67,D,88
Female,group C,College,standard,none,62,69,69,66.67,C,92
Male,group E,Associate,standard,none,72,57,62,63.67,C,89
Male,group C,College,standard,none,84,87,81,84,B,98
Female,group D,Master,standard,none,92,100,100,97.33,A,86
Female,group D,High School,standard,none,45,63,59,55.67,D,95
Male,group C,High School,standard,none,75,81,71,75.67,B,88
Female,group A,College,standard,none,56,58,64,59.33,D,97
Female,group D,High School,free/reduced,none,48,54,53,51.67,D,92
Female,group E,Associate,standard,none,100,100,100,100,A,96
Female,group C,High School,free/reduced,completed,65,76,75,72,C,86
Male,group D,College,standard,none,72,57,58,62.33,C,92
Female,group D,College,standard,none,62,70,72,68,C,63
Male,group A,High School,standard,completed,66,68,64,66,C,81
Male,group C,College,standard,none,63,63,60,62,C,61
Female,group E,Associate,standard,none,68,76,67,70.33,C,69
Female,group B,Bachelor,standard,none,75,84,80,79.67,B,64
Female,group D,Bachelor,standard,none,89,100,100,96.33,A,69
Male,group C,High School,standard,completed,78,72,69,73,C,92
Female,group A,High School,free/reduced,completed,53,50,60,54.33,D,97
Female,group D,College,free/reduced,none,49,65,61,58.33,D,72
Female,group A,College,standard,none,54,63,67,61.33,C,90
Female,group C,College,standard,completed,64,82,77,74.33,C,95
Male,group B,College,free/reduced,completed,60,62,60,60.67,C,83
Male,group C,Associate,standard,none,62,65,58,61.67,C,74
Male,group D,High School,standard,completed,55,41,48,48,D,88
Female,group C,Associate,standard,none,91,95,94,93.33,A,67
Female,group B,High School,free/reduced,none,8,24,23,18.33,D,64
Male,group D,High School,standard,none,81,78,78,79,B,88
Male,group B,High School,standard,completed,79,85,86,83.33,B,63
Female,group A,College,standard,completed,78,87,91,85.33,B,71
Female,group C,High School,standard,none,74,75,82,77,B,61
Male,group A,High School,standard,none,57,51,54,54,D,86
Female,group C,Associate,standard,none,40,59,51,50,D,90
Male,group E,High School,standard,completed,81,75,76,77.33,B,95
Female,group A,High School,free/reduced,none,44,45,45,44.67,D,95
Female,group D,College,free/reduced,completed,67,86,83,78.67,B,85
Male,group E,High School,free/reduced,completed,86,81,75,80.67,B,86
Female,group B,High School,standard,completed,65,82,78,75,B,64
Female,group D,Associate,free/reduced,none,55,76,76,69,C,79
Female,group D,Bachelor,free/reduced,none,62,72,74,69.33,C,70
Male,group A,High School,standard,none,63,63,62,62.67,C,69
Female,group E,Master,standard,completed,88,99,95,94,A,99
Male,group C,High School,free/reduced,none,62,55,55,57.33,D,97
Female,group C,High School,free/reduced,completed,59,71,65,65,C,65
Female,group D,College,standard,completed,68,78,77,74.33,C,67
Female,group D,College,free/reduced,none,77,86,86,83,B,82
